{"mse": 0.8856409988253601, "r2": 0.1725371386704777}